<?xml version="1.0" encoding="UTF-8"?>
<project-private xmlns="http://www.netbeans.org/ns/project-private/1">
    <editor-bookmarks xmlns="http://www.netbeans.org/ns/editor-bookmarks/2" lastBookmarkId="0"/>
    <open-files xmlns="http://www.netbeans.org/ns/projectui-open-files/2">
        <group>
            <file>file:/C:/Users/lenovo/OneDrive/Desktop/car_black_box/Car_Black_Box(Project).X/Car_Black_Box(Project).X/matrix_key.h</file>
            <file>file:/C:/Users/lenovo/OneDrive/Desktop/car_black_box/Car_Black_Box(Project).X/Car_Black_Box(Project).X/UART.c</file>
            <file>file:/C:/Users/lenovo/OneDrive/Desktop/car_black_box/Car_Black_Box(Project).X/Car_Black_Box(Project).X/CLCD.h</file>
            <file>file:/C:/Users/lenovo/OneDrive/Desktop/car_black_box/Car_Black_Box(Project).X/Car_Black_Box(Project).X/UART.h</file>
            <file>file:/C:/Users/lenovo/OneDrive/Desktop/car_black_box/Car_Black_Box(Project).X/Car_Black_Box(Project).X/ADC.c</file>
            <file>file:/C:/Users/lenovo/OneDrive/Desktop/car_black_box/Car_Black_Box(Project).X/Car_Black_Box(Project).X/main.c</file>
            <file>file:/C:/Users/lenovo/OneDrive/Desktop/car_black_box/Car_Black_Box(Project).X/Car_Black_Box(Project).X/I2C.h</file>
            <file>file:/C:/Users/lenovo/OneDrive/Desktop/car_black_box/Car_Black_Box(Project).X/Car_Black_Box(Project).X/black_box.h</file>
            <file>file:/C:/Users/lenovo/OneDrive/Desktop/car_black_box/Car_Black_Box(Project).X/Car_Black_Box(Project).X/DS1307.h</file>
            <file>file:/C:/Users/lenovo/OneDrive/Desktop/car_black_box/Car_Black_Box(Project).X/Car_Black_Box(Project).X/view_log.c</file>
            <file>file:/C:/Users/lenovo/OneDrive/Desktop/car_black_box/Car_Black_Box(Project).X/Car_Black_Box(Project).X/I2C.c</file>
            <file>file:/C:/Users/lenovo/OneDrive/Desktop/car_black_box/Car_Black_Box(Project).X/Car_Black_Box(Project).X/matrix_key.c</file>
            <file>file:/C:/Users/lenovo/OneDrive/Desktop/car_black_box/Car_Black_Box(Project).X/Car_Black_Box(Project).X/main_menu.c</file>
            <file>file:/C:/Users/lenovo/OneDrive/Desktop/car_black_box/Car_Black_Box(Project).X/Car_Black_Box(Project).X/EEPROM.h</file>
            <file>file:/C:/Users/lenovo/OneDrive/Desktop/car_black_box/Car_Black_Box(Project).X/Car_Black_Box(Project).X/DS1307.c</file>
            <file>file:/C:/Users/lenovo/OneDrive/Desktop/car_black_box/Car_Black_Box(Project).X/Car_Black_Box(Project).X/EEPROM.c</file>
            <file>file:/C:/Users/lenovo/OneDrive/Desktop/car_black_box/Car_Black_Box(Project).X/Car_Black_Box(Project).X/CLCD.c</file>
        </group>
    </open-files>
</project-private>
